t,h,e
r,u,n
d,o,g
w,h,e,r,e
q,u,i,c,k
Influence,superiority,vertebrae,motives,571,MacKay,creature,Peckhams,conducts,subjected
independent,remedial,Shop,his,Volume,Prue,Hakim,vine,main,Abbot
Darryl,Dick,deserve,Millais,Tabernacle,270,Weaver,Bohemond,Lynx,Schwimmer
29,Recently,striker,wickets,1981,flick,ruled,adulatory,GPa,canceled
Reala,Carlos,corrected,Mann,PAVN,slam,Clearing,contractors,leave,computational
messages,Palestine,reminiscent,Genoa,Nesbitt,crowns,Tabernacle,Mysore,Antarctica,squeezed
clothesline,<,Moreover,coefficient,Sawtooth,1275,successive,attach,enlargement,Pagoda
imply,whom,beyond,earliest,Churches,whether,warn,treating,archaic,beside
ceilings,calculators,agrees,maturity,Chaytor,exceedingly,swarm,Trương,Knox,ecoregion
miniature,Charleston,separating,Regarding,Live,fulfil,Emanuel,ceremonial,signaling,1809
